<?xml version="1.0" encoding="UTF-8"?>
<beans xmlns="http://www.springframework.org/schema/beans" xmlns:xsi="http://www.w3.org/2001/XMLSchema-instance"
  xmlns:context="http://www.springframework.org/schema/context" xmlns:tx="http://www.springframework.org/schema/tx"
  xmlns:jee="http://www.springframework.org/schema/jee" xmlns:aop="http://www.springframework.org/schema/aop"
  xsi:schemaLocation="http://www.springframework.org/schema/beans http://www.springframework.org/schema/beans/spring-beans-3.0.xsd
       http://www.springframework.org/schema/context http://www.springframework.org/schema/context/spring-context-3.0.xsd
       http://www.springframework.org/schema/tx http://www.springframework.org/schema/tx/spring-tx-3.0.xsd
       http://www.springframework.org/schema/jee http://www.springframework.org/schema/jee/spring-jee-3.0.xsd
       http://www.springframework.org/schema/aop http://www.springframework.org/schema/aop/spring-aop-3.0.xsd">
       
	<!--  <bean id="dbProperties" class="org.springframework.beans.factory.config.PropertyPlaceholderConfigurer">
	    <property name="locations">
            <list>
                <value>classpath:db.properties</value>
                <value>file:activiti-rest.properties</value>
            </list>
        </property>
		<property name="ignoreUnresolvablePlaceholders" value="true" />
		<property name="ignoreResourceNotFound" value="true" />
	</bean>
	
	<bean id="dataSource"
		class="org.springframework.jdbc.datasource.SimpleDriverDataSource">
		<property name="driverClass" value="${jdbc.driver}" />
		<property name="url" value="${jdbc.url}" />
		<property name="username" value="${jdbc.username}" />
		<property name="password" value="${jdbc.password}" />
	</bean>

	<bean id="transactionManager"
		class="org.springframework.jdbc.datasource.DataSourceTransactionManager">
		<property name="dataSource" ref="dataSource" />
	</bean>

	<bean id="processEngineConfiguration" class="org.activiti.spring.SpringProcessEngineConfiguration">
		<property name="dataSource" ref="dataSource" />
		<property name="transactionManager" ref="transactionManager" />
		<property name="databaseSchemaUpdate" value="true" />
		<property name="mailServerHost" value="localhost" />
		<property name="mailServerPort" value="5025" />
		<property name="jobExecutorActivate" value="false" />
        <property name="customFormTypes">
          <list>
            <bean class="org.activiti.rest.form.UserFormType"/>
            <bean class="org.activiti.rest.form.ProcessDefinitionFormType"/> 
            <bean class="org.activiti.rest.form.MonthFormType"/>   
          </list>
        </property>
	</bean>

	<bean id="processEngine" class="org.activiti.spring.ProcessEngineFactoryBean">
		<property name="processEngineConfiguration" ref="processEngineConfiguration" />
	</bean>
  
    <bean id="repositoryService" factory-bean="processEngine" factory-method="getRepositoryService" />
    <bean id="runtimeService" factory-bean="processEngine" factory-method="getRuntimeService" />
    <bean id="taskService" factory-bean="processEngine" factory-method="getTaskService" />
    <bean id="formService" factory-bean="processEngine" factory-method="getFormService" />
    <bean id="historyService" factory-bean="processEngine" factory-method="getHistoryService" />
    <bean id="managementService" factory-bean="processEngine" factory-method="getManagementService" />
    <bean id="identityService" factory-bean="processEngine" factory-method="getIdentityService" />  -->
  
</beans>